X,Y,Test or train,Raw prediction,Cumulative prediction,Cloglog prediction
1.0,1.0,train,8.69765194200942E-4,16.071639591620325,0.6319602181686277
2.0,2.0,train,8.69765194200942E-4,16.071639591620325,0.6319602181686277
3.0,3.0,train,8.69765194200942E-4,16.071639591620325,0.6319602181686277
4.0,4.0,train,8.69765194200942E-4,16.071639591620325,0.6319602181686277
5.0,5.0,train,8.495309319358881E-4,3.5811331654754204,0.6233015691515627
6.0,6.0,train,8.495309319358881E-4,3.5811331654754204,0.6233015691515627
7.0,7.0,train,7.839241102224114E-4,1.5272702330620223,0.5938012475654108
8.0,8.0,train,8.69765194200942E-4,16.071639591620325,0.6319602181686277
9.0,9.0,train,8.69765194200942E-4,16.071639591620325,0.6319602181686277
10.0,10.0,train,8.69765194200942E-4,16.071639591620325,0.6319602181686277
11.0,11.0,train,8.69765194200942E-4,16.071639591620325,0.6319602181686277
12.0,12.0,train,8.69765194200942E-4,16.071639591620325,0.6319602181686277
13.0,13.0,train,8.69765194200942E-4,16.071639591620325,0.6319602181686277
14.0,14.0,train,8.69765194200942E-4,16.071639591620325,0.6319602181686277
15.0,15.0,train,8.69765194200942E-4,16.071639591620325,0.6319602181686277
16.0,16.0,train,8.69765194200942E-4,16.071639591620325,0.6319602181686277
17.0,17.0,train,9.275157233045946E-4,89.61178321227806,0.6555936777551394
18.0,18.0,train,8.69765194200942E-4,16.071639591620325,0.6319602181686277
19.0,19.0,train,8.69765194200942E-4,16.071639591620325,0.6319602181686277
20.0,20.0,train,8.69765194200942E-4,16.071639591620325,0.6319602181686277
21.0,21.0,train,8.69765194200942E-4,16.071639591620325,0.6319602181686277
22.0,22.0,train,8.69765194200942E-4,16.071639591620325,0.6319602181686277
23.0,23.0,train,8.69765194200942E-4,16.071639591620325,0.6319602181686277
24.0,24.0,train,8.69765194200942E-4,16.071639591620325,0.6319602181686277
25.0,25.0,train,8.69765194200942E-4,16.071639591620325,0.6319602181686277
26.0,26.0,train,8.495309319358881E-4,3.5811331654754204,0.6233015691515627
27.0,27.0,train,8.69765194200942E-4,16.071639591620325,0.6319602181686277
28.0,28.0,train,8.69765194200942E-4,16.071639591620325,0.6319602181686277
29.0,29.0,train,8.69765194200942E-4,16.071639591620325,0.6319602181686277
30.0,30.0,train,8.69765194200942E-4,16.071639591620325,0.6319602181686277
31.0,31.0,train,8.69765194200942E-4,16.071639591620325,0.6319602181686277
32.0,32.0,train,9.275157233045946E-4,89.61178321227806,0.6555936777551394
33.0,33.0,train,8.69765194200942E-4,16.071639591620325,0.6319602181686277
34.0,34.0,train,9.275157233045946E-4,89.61178321227806,0.6555936777551394
35.0,35.0,train,8.69765194200942E-4,16.071639591620325,0.6319602181686277
36.0,36.0,train,8.69765194200942E-4,16.071639591620325,0.6319602181686277
37.0,37.0,train,9.059379497567023E-4,86.43878555831772,0.6469463411931813
38.0,38.0,train,8.495309319358881E-4,3.5811331654754204,0.6233015691515627
39.0,39.0,train,8.69765194200942E-4,16.071639591620325,0.6319602181686277
40.0,40.0,train,9.059379497567023E-4,86.43878555831772,0.6469463411931813
41.0,41.0,train,8.69765194200942E-4,16.071639591620325,0.6319602181686277
42.0,42.0,train,8.69765194200942E-4,16.071639591620325,0.6319602181686277
43.0,43.0,train,8.69765194200942E-4,16.071639591620325,0.6319602181686277
44.0,44.0,train,9.275157233045946E-4,89.61178321227806,0.6555936777551394
45.0,45.0,train,8.69765194200942E-4,16.071639591620325,0.6319602181686277
46.0,46.0,train,8.69765194200942E-4,16.071639591620325,0.6319602181686277
47.0,47.0,train,8.69765194200942E-4,16.071639591620325,0.6319602181686277
48.0,48.0,train,9.275157233045946E-4,89.61178321227806,0.6555936777551394
49.0,49.0,train,8.69765194200942E-4,16.071639591620325,0.6319602181686277
50.0,50.0,train,8.69765194200942E-4,16.071639591620325,0.6319602181686277
51.0,51.0,train,8.69765194200942E-4,16.071639591620325,0.6319602181686277
52.0,52.0,train,8.69765194200942E-4,16.071639591620325,0.6319602181686277
53.0,53.0,train,9.275157233045946E-4,89.61178321227806,0.6555936777551394
54.0,54.0,train,8.69765194200942E-4,16.071639591620325,0.6319602181686277
55.0,55.0,train,8.69765194200942E-4,16.071639591620325,0.6319602181686277
56.0,56.0,train,8.69765194200942E-4,16.071639591620325,0.6319602181686277
57.0,57.0,train,8.69765194200942E-4,16.071639591620325,0.6319602181686277
58.0,58.0,train,8.69765194200942E-4,16.071639591620325,0.6319602181686277
59.0,59.0,train,8.69765194200942E-4,16.071639591620325,0.6319602181686277
60.0,60.0,train,8.69765194200942E-4,16.071639591620325,0.6319602181686277
61.0,61.0,train,8.69765194200942E-4,16.071639591620325,0.6319602181686277
62.0,62.0,train,8.69765194200942E-4,16.071639591620325,0.6319602181686277
63.0,63.0,train,8.69765194200942E-4,16.071639591620325,0.6319602181686277
64.0,64.0,train,8.69765194200942E-4,16.071639591620325,0.6319602181686277
65.0,65.0,train,8.69765194200942E-4,16.071639591620325,0.6319602181686277
66.0,66.0,train,8.69765194200942E-4,16.071639591620325,0.6319602181686277
67.0,67.0,train,8.69765194200942E-4,16.071639591620325,0.6319602181686277
68.0,68.0,train,8.69765194200942E-4,16.071639591620325,0.6319602181686277
69.0,69.0,train,8.495309319358881E-4,3.5811331654754204,0.6233015691515627
70.0,70.0,train,7.839241102224114E-4,1.5272702330620223,0.5938012475654108
71.0,71.0,train,8.69765194200942E-4,16.071639591620325,0.6319602181686277
72.0,72.0,train,8.69765194200942E-4,16.071639591620325,0.6319602181686277
73.0,73.0,train,8.69765194200942E-4,16.071639591620325,0.6319602181686277
74.0,74.0,train,8.69765194200942E-4,16.071639591620325,0.6319602181686277
75.0,75.0,train,9.059379497567023E-4,86.43878555831772,0.6469463411931813
76.0,76.0,train,9.275157233045946E-4,89.61178321227806,0.6555936777551394
77.0,77.0,train,8.69765194200942E-4,16.071639591620325,0.6319602181686277
78.0,78.0,train,9.275157233045946E-4,89.61178321227806,0.6555936777551394
79.0,79.0,train,8.69765194200942E-4,16.071639591620325,0.6319602181686277
80.0,80.0,train,9.275157233045946E-4,89.61178321227806,0.6555936777551394
81.0,81.0,train,8.69765194200942E-4,16.071639591620325,0.6319602181686277
82.0,82.0,train,8.69765194200942E-4,16.071639591620325,0.6319602181686277
83.0,83.0,train,8.69765194200942E-4,16.071639591620325,0.6319602181686277
84.0,84.0,train,8.69765194200942E-4,16.071639591620325,0.6319602181686277
85.0,85.0,train,8.69765194200942E-4,16.071639591620325,0.6319602181686277
86.0,86.0,train,8.69765194200942E-4,16.071639591620325,0.6319602181686277
87.0,87.0,train,9.275157233045946E-4,89.61178321227806,0.6555936777551394
88.0,88.0,train,8.495309319358881E-4,3.5811331654754204,0.6233015691515627
89.0,89.0,train,8.69765194200942E-4,16.071639591620325,0.6319602181686277
90.0,90.0,train,8.495309319358881E-4,3.5811331654754204,0.6233015691515627
91.0,91.0,train,9.275157233045946E-4,89.61178321227806,0.6555936777551394
92.0,92.0,train,9.059379497567023E-4,86.43878555831772,0.6469463411931813
93.0,93.0,train,8.69765194200942E-4,16.071639591620325,0.6319602181686277
94.0,94.0,train,9.275157233045946E-4,89.61178321227806,0.6555936777551394
95.0,95.0,train,8.69765194200942E-4,16.071639591620325,0.6319602181686277
96.0,96.0,train,8.495309319358881E-4,3.5811331654754204,0.6233015691515627
97.0,97.0,train,8.69765194200942E-4,16.071639591620325,0.6319602181686277
98.0,98.0,train,8.495309319358881E-4,3.5811331654754204,0.6233015691515627
99.0,99.0,train,8.495309319358881E-4,3.5811331654754204,0.6233015691515627
100.0,100.0,train,8.495309319358881E-4,3.5811331654754204,0.6233015691515627
101.0,101.0,train,9.275157233045946E-4,89.61178321227806,0.6555936777551394
102.0,102.0,train,8.69765194200942E-4,16.071639591620325,0.6319602181686277
103.0,103.0,train,7.839241102224114E-4,1.5272702330620223,0.5938012475654108
104.0,104.0,train,8.69765194200942E-4,16.071639591620325,0.6319602181686277
105.0,105.0,train,8.69765194200942E-4,16.071639591620325,0.6319602181686277
106.0,106.0,train,8.69765194200942E-4,16.071639591620325,0.6319602181686277
107.0,107.0,train,8.69765194200942E-4,16.071639591620325,0.6319602181686277
108.0,108.0,train,9.275157233045946E-4,89.61178321227806,0.6555936777551394
109.0,109.0,train,8.69765194200942E-4,16.071639591620325,0.6319602181686277
110.0,110.0,train,9.275157233045946E-4,89.61178321227806,0.6555936777551394
111.0,111.0,train,8.69765194200942E-4,16.071639591620325,0.6319602181686277
112.0,112.0,train,8.69765194200942E-4,16.071639591620325,0.6319602181686277
113.0,113.0,train,8.495309319358881E-4,3.5811331654754204,0.6233015691515627
114.0,114.0,train,8.69765194200942E-4,16.071639591620325,0.6319602181686277
115.0,115.0,train,8.69765194200942E-4,16.071639591620325,0.6319602181686277
116.0,116.0,train,8.69765194200942E-4,16.071639591620325,0.6319602181686277
117.0,117.0,train,8.495309319358881E-4,3.5811331654754204,0.6233015691515627
118.0,118.0,train,8.69765194200942E-4,16.071639591620325,0.6319602181686277
119.0,119.0,train,8.69765194200942E-4,16.071639591620325,0.6319602181686277
120.0,120.0,train,8.495309319358881E-4,3.5811331654754204,0.6233015691515627
121.0,121.0,train,8.69765194200942E-4,16.071639591620325,0.6319602181686277
122.0,122.0,train,8.69765194200942E-4,16.071639591620325,0.6319602181686277
123.0,123.0,train,8.69765194200942E-4,16.071639591620325,0.6319602181686277
124.0,124.0,train,8.495309319358881E-4,3.5811331654754204,0.6233015691515627
125.0,125.0,train,8.69765194200942E-4,16.071639591620325,0.6319602181686277
126.0,126.0,train,9.275157233045946E-4,89.61178321227806,0.6555936777551394
127.0,127.0,train,8.69765194200942E-4,16.071639591620325,0.6319602181686277
128.0,128.0,train,9.275157233045946E-4,89.61178321227806,0.6555936777551394
129.0,129.0,train,8.69765194200942E-4,16.071639591620325,0.6319602181686277
130.0,130.0,train,8.69765194200942E-4,16.071639591620325,0.6319602181686277
131.0,131.0,train,8.495309319358881E-4,3.5811331654754204,0.6233015691515627
132.0,132.0,train,8.69765194200942E-4,16.071639591620325,0.6319602181686277
133.0,133.0,train,8.69765194200942E-4,16.071639591620325,0.6319602181686277
134.0,134.0,train,8.69765194200942E-4,16.071639591620325,0.6319602181686277
135.0,135.0,train,8.69765194200942E-4,16.071639591620325,0.6319602181686277
136.0,136.0,train,8.69765194200942E-4,16.071639591620325,0.6319602181686277
137.0,137.0,train,8.69765194200942E-4,16.071639591620325,0.6319602181686277
138.0,138.0,train,8.69765194200942E-4,16.071639591620325,0.6319602181686277
139.0,139.0,train,8.69765194200942E-4,16.071639591620325,0.6319602181686277
140.0,140.0,train,8.495309319358881E-4,3.5811331654754204,0.6233015691515627
141.0,141.0,train,8.69765194200942E-4,16.071639591620325,0.6319602181686277
142.0,142.0,train,8.69765194200942E-4,16.071639591620325,0.6319602181686277
143.0,143.0,train,8.69765194200942E-4,16.071639591620325,0.6319602181686277
144.0,144.0,train,8.69765194200942E-4,16.071639591620325,0.6319602181686277
145.0,145.0,train,8.69765194200942E-4,16.071639591620325,0.6319602181686277
146.0,146.0,train,8.69765194200942E-4,16.071639591620325,0.6319602181686277
147.0,147.0,train,8.69765194200942E-4,16.071639591620325,0.6319602181686277
148.0,148.0,train,9.275157233045946E-4,89.61178321227806,0.6555936777551394
149.0,149.0,train,8.69765194200942E-4,16.071639591620325,0.6319602181686277
150.0,150.0,train,8.69765194200942E-4,16.071639591620325,0.6319602181686277
151.0,151.0,train,9.275157233045946E-4,89.61178321227806,0.6555936777551394
152.0,152.0,train,8.495309319358881E-4,3.5811331654754204,0.6233015691515627
153.0,153.0,train,8.495309319358881E-4,3.5811331654754204,0.6233015691515627
154.0,154.0,train,8.69765194200942E-4,16.071639591620325,0.6319602181686277
155.0,155.0,train,8.69765194200942E-4,16.071639591620325,0.6319602181686277
156.0,156.0,train,9.059379497567023E-4,86.43878555831772,0.6469463411931813
157.0,157.0,train,8.69765194200942E-4,16.071639591620325,0.6319602181686277
158.0,158.0,train,8.69765194200942E-4,16.071639591620325,0.6319602181686277
159.0,159.0,train,8.69765194200942E-4,16.071639591620325,0.6319602181686277
160.0,160.0,train,8.69765194200942E-4,16.071639591620325,0.6319602181686277
161.0,161.0,train,8.69765194200942E-4,16.071639591620325,0.6319602181686277
162.0,162.0,train,9.275157233045946E-4,89.61178321227806,0.6555936777551394
163.0,163.0,train,9.059379497567023E-4,86.43878555831772,0.6469463411931813
164.0,164.0,train,9.275157233045946E-4,89.61178321227806,0.6555936777551394
165.0,165.0,train,8.69765194200942E-4,16.071639591620325,0.6319602181686277
166.0,166.0,train,8.69765194200942E-4,16.071639591620325,0.6319602181686277
167.0,167.0,train,8.69765194200942E-4,16.071639591620325,0.6319602181686277
168.0,168.0,train,9.059379497567023E-4,86.43878555831772,0.6469463411931813
169.0,169.0,train,8.69765194200942E-4,16.071639591620325,0.6319602181686277
170.0,170.0,train,8.69765194200942E-4,16.071639591620325,0.6319602181686277
171.0,171.0,train,8.69765194200942E-4,16.071639591620325,0.6319602181686277
172.0,172.0,train,8.495309319358881E-4,3.5811331654754204,0.6233015691515627
173.0,173.0,train,8.495309319358881E-4,3.5811331654754204,0.6233015691515627
174.0,174.0,train,8.69765194200942E-4,16.071639591620325,0.6319602181686277
175.0,175.0,train,8.69765194200942E-4,16.071639591620325,0.6319602181686277
176.0,176.0,train,9.275157233045946E-4,89.61178321227806,0.6555936777551394
177.0,177.0,train,8.69765194200942E-4,16.071639591620325,0.6319602181686277
178.0,178.0,train,7.564674157510766E-4,0.9128979637761491,0.5807796147469192
179.0,179.0,train,8.69765194200942E-4,16.071639591620325,0.6319602181686277
180.0,180.0,train,8.69765194200942E-4,16.071639591620325,0.6319602181686277
181.0,181.0,train,8.69765194200942E-4,16.071639591620325,0.6319602181686277
182.0,182.0,train,8.69765194200942E-4,16.071639591620325,0.6319602181686277
183.0,183.0,train,8.69765194200942E-4,16.071639591620325,0.6319602181686277
184.0,184.0,train,8.69765194200942E-4,16.071639591620325,0.6319602181686277
185.0,185.0,train,8.495309319358881E-4,3.5811331654754204,0.6233015691515627
186.0,186.0,train,9.275157233045946E-4,89.61178321227806,0.6555936777551394
187.0,187.0,train,8.69765194200942E-4,16.071639591620325,0.6319602181686277
188.0,188.0,train,9.275157233045946E-4,89.61178321227806,0.6555936777551394
189.0,189.0,train,8.69765194200942E-4,16.071639591620325,0.6319602181686277
190.0,190.0,train,8.495309319358881E-4,3.5811331654754204,0.6233015691515627
191.0,191.0,train,8.69765194200942E-4,16.071639591620325,0.6319602181686277
192.0,192.0,train,8.69765194200942E-4,16.071639591620325,0.6319602181686277
193.0,193.0,train,8.69765194200942E-4,16.071639591620325,0.6319602181686277
194.0,194.0,train,8.69765194200942E-4,16.071639591620325,0.6319602181686277
195.0,195.0,train,8.69765194200942E-4,16.071639591620325,0.6319602181686277
196.0,196.0,train,9.059379497567023E-4,86.43878555831772,0.6469463411931813
197.0,197.0,train,8.69765194200942E-4,16.071639591620325,0.6319602181686277
198.0,198.0,train,9.275157233045946E-4,89.61178321227806,0.6555936777551394
199.0,199.0,train,8.69765194200942E-4,16.071639591620325,0.6319602181686277
200.0,200.0,train,8.69765194200942E-4,16.071639591620325,0.6319602181686277
201.0,201.0,train,8.69765194200942E-4,16.071639591620325,0.6319602181686277
202.0,202.0,train,8.69765194200942E-4,16.071639591620325,0.6319602181686277
203.0,203.0,train,8.69765194200942E-4,16.071639591620325,0.6319602181686277
204.0,204.0,train,8.69765194200942E-4,16.071639591620325,0.6319602181686277
205.0,205.0,train,8.69765194200942E-4,16.071639591620325,0.6319602181686277
206.0,206.0,train,8.69765194200942E-4,16.071639591620325,0.6319602181686277
207.0,207.0,train,8.69765194200942E-4,16.071639591620325,0.6319602181686277
208.0,208.0,train,8.69765194200942E-4,16.071639591620325,0.6319602181686277
209.0,209.0,train,8.69765194200942E-4,16.071639591620325,0.6319602181686277
210.0,210.0,train,8.495309319358881E-4,3.5811331654754204,0.6233015691515627
211.0,211.0,train,8.69765194200942E-4,16.071639591620325,0.6319602181686277
212.0,212.0,train,8.69765194200942E-4,16.071639591620325,0.6319602181686277
213.0,213.0,train,9.275157233045946E-4,89.61178321227806,0.6555936777551394
214.0,214.0,train,8.69765194200942E-4,16.071639591620325,0.6319602181686277
215.0,215.0,train,8.69765194200942E-4,16.071639591620325,0.6319602181686277
216.0,216.0,train,8.69765194200942E-4,16.071639591620325,0.6319602181686277
217.0,217.0,train,8.69765194200942E-4,16.071639591620325,0.6319602181686277
218.0,218.0,train,9.275157233045946E-4,89.61178321227806,0.6555936777551394
219.0,219.0,train,8.69765194200942E-4,16.071639591620325,0.6319602181686277
220.0,220.0,train,8.69765194200942E-4,16.071639591620325,0.6319602181686277
221.0,221.0,train,8.69765194200942E-4,16.071639591620325,0.6319602181686277
222.0,222.0,train,8.69765194200942E-4,16.071639591620325,0.6319602181686277
223.0,223.0,train,9.275157233045946E-4,89.61178321227806,0.6555936777551394
224.0,224.0,train,8.495309319358881E-4,3.5811331654754204,0.6233015691515627
225.0,225.0,train,8.495309319358881E-4,3.5811331654754204,0.6233015691515627
226.0,226.0,train,8.69765194200942E-4,16.071639591620325,0.6319602181686277
227.0,227.0,train,8.69765194200942E-4,16.071639591620325,0.6319602181686277
228.0,228.0,train,9.275157233045946E-4,89.61178321227806,0.6555936777551394
229.0,229.0,train,9.275157233045946E-4,89.61178321227806,0.6555936777551394
230.0,230.0,train,9.275157233045946E-4,89.61178321227806,0.6555936777551394
231.0,231.0,train,8.69765194200942E-4,16.071639591620325,0.6319602181686277
232.0,232.0,train,8.69765194200942E-4,16.071639591620325,0.6319602181686277
233.0,233.0,train,8.69765194200942E-4,16.071639591620325,0.6319602181686277
234.0,234.0,train,8.69765194200942E-4,16.071639591620325,0.6319602181686277
235.0,235.0,train,8.69765194200942E-4,16.071639591620325,0.6319602181686277
236.0,236.0,train,8.495309319358881E-4,3.5811331654754204,0.6233015691515627
237.0,237.0,train,8.69765194200942E-4,16.071639591620325,0.6319602181686277
238.0,238.0,train,8.69765194200942E-4,16.071639591620325,0.6319602181686277
239.0,239.0,train,8.69765194200942E-4,16.071639591620325,0.6319602181686277
240.0,240.0,train,8.69765194200942E-4,16.071639591620325,0.6319602181686277
241.0,241.0,train,8.69765194200942E-4,16.071639591620325,0.6319602181686277
242.0,242.0,train,8.69765194200942E-4,16.071639591620325,0.6319602181686277
243.0,243.0,train,7.839241102224114E-4,1.5272702330620223,0.5938012475654108
244.0,244.0,train,8.69765194200942E-4,16.071639591620325,0.6319602181686277
245.0,245.0,train,8.69765194200942E-4,16.071639591620325,0.6319602181686277
246.0,246.0,train,8.69765194200942E-4,16.071639591620325,0.6319602181686277
247.0,247.0,train,8.69765194200942E-4,16.071639591620325,0.6319602181686277
248.0,248.0,train,9.059379497567023E-4,86.43878555831772,0.6469463411931813
249.0,249.0,train,9.059379497567023E-4,86.43878555831772,0.6469463411931813
250.0,250.0,train,8.69765194200942E-4,16.071639591620325,0.6319602181686277
251.0,251.0,train,8.69765194200942E-4,16.071639591620325,0.6319602181686277
252.0,252.0,train,8.69765194200942E-4,16.071639591620325,0.6319602181686277
253.0,253.0,train,8.69765194200942E-4,16.071639591620325,0.6319602181686277
254.0,254.0,train,8.69765194200942E-4,16.071639591620325,0.6319602181686277
255.0,255.0,train,8.495309319358881E-4,3.5811331654754204,0.6233015691515627
256.0,256.0,train,6.970031109094278E-4,0.33150111209954447,0.5511291547475615
257.0,257.0,train,8.69765194200942E-4,16.071639591620325,0.6319602181686277
258.0,258.0,train,8.69765194200942E-4,16.071639591620325,0.6319602181686277
259.0,259.0,train,8.69765194200942E-4,16.071639591620325,0.6319602181686277
260.0,260.0,train,8.69765194200942E-4,16.071639591620325,0.6319602181686277
261.0,261.0,train,9.275157233045946E-4,89.61178321227806,0.6555936777551394
262.0,262.0,train,8.69765194200942E-4,16.071639591620325,0.6319602181686277
263.0,263.0,train,8.69765194200942E-4,16.071639591620325,0.6319602181686277
264.0,264.0,train,8.69765194200942E-4,16.071639591620325,0.6319602181686277
265.0,265.0,train,8.69765194200942E-4,16.071639591620325,0.6319602181686277
266.0,266.0,train,8.69765194200942E-4,16.071639591620325,0.6319602181686277
267.0,267.0,train,8.69765194200942E-4,16.071639591620325,0.6319602181686277
268.0,268.0,train,8.69765194200942E-4,16.071639591620325,0.6319602181686277
269.0,269.0,train,8.69765194200942E-4,16.071639591620325,0.6319602181686277
270.0,270.0,train,9.275157233045946E-4,89.61178321227806,0.6555936777551394
271.0,271.0,train,8.495309319358881E-4,3.5811331654754204,0.6233015691515627
272.0,272.0,train,8.69765194200942E-4,16.071639591620325,0.6319602181686277
273.0,273.0,train,8.69765194200942E-4,16.071639591620325,0.6319602181686277
274.0,274.0,train,8.69765194200942E-4,16.071639591620325,0.6319602181686277
275.0,275.0,train,9.275157233045946E-4,89.61178321227806,0.6555936777551394
276.0,276.0,train,8.495309319358881E-4,3.5811331654754204,0.6233015691515627
277.0,277.0,train,8.69765194200942E-4,16.071639591620325,0.6319602181686277
278.0,278.0,train,9.275157233045946E-4,89.61178321227806,0.6555936777551394
279.0,279.0,train,8.69765194200942E-4,16.071639591620325,0.6319602181686277
280.0,280.0,train,8.69765194200942E-4,16.071639591620325,0.6319602181686277
281.0,281.0,train,8.69765194200942E-4,16.071639591620325,0.6319602181686277
282.0,282.0,train,8.69765194200942E-4,16.071639591620325,0.6319602181686277
283.0,283.0,train,8.69765194200942E-4,16.071639591620325,0.6319602181686277
284.0,284.0,train,9.275157233045946E-4,89.61178321227806,0.6555936777551394
285.0,285.0,train,9.275157233045946E-4,89.61178321227806,0.6555936777551394
286.0,286.0,train,8.69765194200942E-4,16.071639591620325,0.6319602181686277
287.0,287.0,train,8.69765194200942E-4,16.071639591620325,0.6319602181686277
288.0,288.0,train,8.69765194200942E-4,16.071639591620325,0.6319602181686277
289.0,289.0,train,7.656868593552828E-4,1.1191906829074625,0.5851979338974055
290.0,290.0,train,8.69765194200942E-4,16.071639591620325,0.6319602181686277
291.0,291.0,train,8.69765194200942E-4,16.071639591620325,0.6319602181686277
292.0,292.0,train,8.69765194200942E-4,16.071639591620325,0.6319602181686277
293.0,293.0,train,8.495309319358881E-4,3.5811331654754204,0.6233015691515627
294.0,294.0,train,8.69765194200942E-4,16.071639591620325,0.6319602181686277
295.0,295.0,train,8.69765194200942E-4,16.071639591620325,0.6319602181686277
296.0,296.0,train,8.69765194200942E-4,16.071639591620325,0.6319602181686277
297.0,297.0,train,8.69765194200942E-4,16.071639591620325,0.6319602181686277
298.0,298.0,train,8.495309319358881E-4,3.5811331654754204,0.6233015691515627
299.0,299.0,train,9.275157233045946E-4,89.61178321227806,0.6555936777551394
300.0,300.0,train,9.059379497567023E-4,86.43878555831772,0.6469463411931813
301.0,301.0,train,8.69765194200942E-4,16.071639591620325,0.6319602181686277
302.0,302.0,train,8.69765194200942E-4,16.071639591620325,0.6319602181686277
303.0,303.0,train,8.69765194200942E-4,16.071639591620325,0.6319602181686277
304.0,304.0,train,9.275157233045946E-4,89.61178321227806,0.6555936777551394
305.0,305.0,train,8.69765194200942E-4,16.071639591620325,0.6319602181686277
306.0,306.0,train,9.275157233045946E-4,89.61178321227806,0.6555936777551394
307.0,307.0,train,8.69765194200942E-4,16.071639591620325,0.6319602181686277
308.0,308.0,train,9.275157233045946E-4,89.61178321227806,0.6555936777551394
309.0,309.0,train,8.69765194200942E-4,16.071639591620325,0.6319602181686277
310.0,310.0,train,8.69765194200942E-4,16.071639591620325,0.6319602181686277
311.0,311.0,train,9.275157233045946E-4,89.61178321227806,0.6555936777551394
312.0,312.0,train,8.69765194200942E-4,16.071639591620325,0.6319602181686277
313.0,313.0,train,8.69765194200942E-4,16.071639591620325,0.6319602181686277
314.0,314.0,train,9.275157233045946E-4,89.61178321227806,0.6555936777551394
315.0,315.0,train,8.69765194200942E-4,16.071639591620325,0.6319602181686277
316.0,316.0,train,8.69765194200942E-4,16.071639591620325,0.6319602181686277
317.0,317.0,train,8.495309319358881E-4,3.5811331654754204,0.6233015691515627
318.0,318.0,train,8.69765194200942E-4,16.071639591620325,0.6319602181686277
319.0,319.0,train,8.69765194200942E-4,16.071639591620325,0.6319602181686277
320.0,320.0,train,8.495309319358881E-4,3.5811331654754204,0.6233015691515627
321.0,321.0,train,8.69765194200942E-4,16.071639591620325,0.6319602181686277
322.0,322.0,train,8.495309319358881E-4,3.5811331654754204,0.6233015691515627
323.0,323.0,train,8.69765194200942E-4,16.071639591620325,0.6319602181686277
324.0,324.0,train,8.69765194200942E-4,16.071639591620325,0.6319602181686277
325.0,325.0,train,9.275157233045946E-4,89.61178321227806,0.6555936777551394
326.0,326.0,train,8.69765194200942E-4,16.071639591620325,0.6319602181686277
327.0,327.0,train,7.839241102224114E-4,1.5272702330620223,0.5938012475654108
328.0,328.0,train,9.059379497567023E-4,86.43878555831772,0.6469463411931813
329.0,329.0,train,8.69765194200942E-4,16.071639591620325,0.6319602181686277
330.0,330.0,train,8.69765194200942E-4,16.071639591620325,0.6319602181686277
331.0,331.0,train,8.69765194200942E-4,16.071639591620325,0.6319602181686277
332.0,332.0,train,8.495309319358881E-4,3.5811331654754204,0.6233015691515627
333.0,333.0,train,9.275157233045946E-4,89.61178321227806,0.6555936777551394
334.0,334.0,train,8.69765194200942E-4,16.071639591620325,0.6319602181686277
335.0,335.0,train,8.69765194200942E-4,16.071639591620325,0.6319602181686277
336.0,336.0,train,9.275157233045946E-4,89.61178321227806,0.6555936777551394
337.0,337.0,train,8.495309319358881E-4,3.5811331654754204,0.6233015691515627
338.0,338.0,train,8.495309319358881E-4,3.5811331654754204,0.6233015691515627
339.0,339.0,train,8.69765194200942E-4,16.071639591620325,0.6319602181686277
340.0,340.0,train,8.495309319358881E-4,3.5811331654754204,0.6233015691515627
341.0,341.0,train,8.69765194200942E-4,16.071639591620325,0.6319602181686277
342.0,342.0,train,9.275157233045946E-4,89.61178321227806,0.6555936777551394
343.0,343.0,train,8.69765194200942E-4,16.071639591620325,0.6319602181686277
344.0,344.0,train,9.059379497567023E-4,86.43878555831772,0.6469463411931813
345.0,345.0,train,9.275157233045946E-4,89.61178321227806,0.6555936777551394
346.0,346.0,train,8.69765194200942E-4,16.071639591620325,0.6319602181686277
347.0,347.0,train,8.69765194200942E-4,16.071639591620325,0.6319602181686277
348.0,348.0,train,8.69765194200942E-4,16.071639591620325,0.6319602181686277
349.0,349.0,train,8.69765194200942E-4,16.071639591620325,0.6319602181686277
350.0,350.0,train,8.69765194200942E-4,16.071639591620325,0.6319602181686277
351.0,351.0,train,8.69765194200942E-4,16.071639591620325,0.6319602181686277
352.0,352.0,train,8.69765194200942E-4,16.071639591620325,0.6319602181686277
353.0,353.0,train,8.69765194200942E-4,16.071639591620325,0.6319602181686277
354.0,354.0,train,8.69765194200942E-4,16.071639591620325,0.6319602181686277
355.0,355.0,train,8.69765194200942E-4,16.071639591620325,0.6319602181686277
356.0,356.0,train,9.275157233045946E-4,89.61178321227806,0.6555936777551394
357.0,357.0,train,8.69765194200942E-4,16.071639591620325,0.6319602181686277
358.0,358.0,train,8.69765194200942E-4,16.071639591620325,0.6319602181686277
359.0,359.0,train,9.275157233045946E-4,89.61178321227806,0.6555936777551394
360.0,360.0,train,8.69765194200942E-4,16.071639591620325,0.6319602181686277
361.0,361.0,train,8.69765194200942E-4,16.071639591620325,0.6319602181686277
362.0,362.0,train,8.69765194200942E-4,16.071639591620325,0.6319602181686277
363.0,363.0,train,7.839241102224114E-4,1.5272702330620223,0.5938012475654108
364.0,364.0,train,9.275157233045946E-4,89.61178321227806,0.6555936777551394
365.0,365.0,train,8.69765194200942E-4,16.071639591620325,0.6319602181686277
366.0,366.0,train,8.69765194200942E-4,16.071639591620325,0.6319602181686277
367.0,367.0,train,8.69765194200942E-4,16.071639591620325,0.6319602181686277
368.0,368.0,train,8.69765194200942E-4,16.071639591620325,0.6319602181686277
369.0,369.0,train,8.69765194200942E-4,16.071639591620325,0.6319602181686277
370.0,370.0,train,8.495309319358881E-4,3.5811331654754204,0.6233015691515627
371.0,371.0,train,8.69765194200942E-4,16.071639591620325,0.6319602181686277
372.0,372.0,train,8.69765194200942E-4,16.071639591620325,0.6319602181686277
373.0,373.0,train,8.69765194200942E-4,16.071639591620325,0.6319602181686277
374.0,374.0,train,8.69765194200942E-4,16.071639591620325,0.6319602181686277
375.0,375.0,train,8.69765194200942E-4,16.071639591620325,0.6319602181686277
376.0,376.0,train,8.69765194200942E-4,16.071639591620325,0.6319602181686277
377.0,377.0,train,8.69765194200942E-4,16.071639591620325,0.6319602181686277
378.0,378.0,train,9.275157233045946E-4,89.61178321227806,0.6555936777551394
379.0,379.0,train,8.69765194200942E-4,16.071639591620325,0.6319602181686277
380.0,380.0,train,8.69765194200942E-4,16.071639591620325,0.6319602181686277
381.0,381.0,train,8.69765194200942E-4,16.071639591620325,0.6319602181686277
382.0,382.0,train,8.69765194200942E-4,16.071639591620325,0.6319602181686277
383.0,383.0,train,8.495309319358881E-4,3.5811331654754204,0.6233015691515627
384.0,384.0,train,8.495309319358881E-4,3.5811331654754204,0.6233015691515627
385.0,385.0,train,8.69765194200942E-4,16.071639591620325,0.6319602181686277
386.0,386.0,train,8.69765194200942E-4,16.071639591620325,0.6319602181686277
387.0,387.0,train,9.275157233045946E-4,89.61178321227806,0.6555936777551394
388.0,388.0,train,9.275157233045946E-4,89.61178321227806,0.6555936777551394
389.0,389.0,train,8.69765194200942E-4,16.071639591620325,0.6319602181686277
390.0,390.0,train,8.495309319358881E-4,3.5811331654754204,0.6233015691515627
391.0,391.0,train,9.275157233045946E-4,89.61178321227806,0.6555936777551394
392.0,392.0,train,8.69765194200942E-4,16.071639591620325,0.6319602181686277
393.0,393.0,train,8.495309319358881E-4,3.5811331654754204,0.6233015691515627
394.0,394.0,train,8.69765194200942E-4,16.071639591620325,0.6319602181686277
395.0,395.0,train,8.69765194200942E-4,16.071639591620325,0.6319602181686277
396.0,396.0,train,9.275157233045946E-4,89.61178321227806,0.6555936777551394
397.0,397.0,train,8.69765194200942E-4,16.071639591620325,0.6319602181686277
398.0,398.0,train,8.69765194200942E-4,16.071639591620325,0.6319602181686277
399.0,399.0,train,8.69765194200942E-4,16.071639591620325,0.6319602181686277
400.0,400.0,train,8.69765194200942E-4,16.071639591620325,0.6319602181686277
401.0,401.0,train,8.69765194200942E-4,16.071639591620325,0.6319602181686277
402.0,402.0,train,8.69765194200942E-4,16.071639591620325,0.6319602181686277
403.0,403.0,train,9.275157233045946E-4,89.61178321227806,0.6555936777551394
404.0,404.0,train,8.69765194200942E-4,16.071639591620325,0.6319602181686277
405.0,405.0,train,8.69765194200942E-4,16.071639591620325,0.6319602181686277
406.0,406.0,train,8.69765194200942E-4,16.071639591620325,0.6319602181686277
407.0,407.0,train,8.69765194200942E-4,16.071639591620325,0.6319602181686277
408.0,408.0,train,8.69765194200942E-4,16.071639591620325,0.6319602181686277
409.0,409.0,train,8.69765194200942E-4,16.071639591620325,0.6319602181686277
410.0,410.0,train,8.69765194200942E-4,16.071639591620325,0.6319602181686277
411.0,411.0,train,8.69765194200942E-4,16.071639591620325,0.6319602181686277
412.0,412.0,train,8.69765194200942E-4,16.071639591620325,0.6319602181686277
413.0,413.0,train,8.69765194200942E-4,16.071639591620325,0.6319602181686277
414.0,414.0,train,9.275157233045946E-4,89.61178321227806,0.6555936777551394
415.0,415.0,train,8.69765194200942E-4,16.071639591620325,0.6319602181686277
416.0,416.0,train,8.69765194200942E-4,16.071639591620325,0.6319602181686277
417.0,417.0,train,8.69765194200942E-4,16.071639591620325,0.6319602181686277
418.0,418.0,train,8.69765194200942E-4,16.071639591620325,0.6319602181686277
419.0,419.0,train,8.495309319358881E-4,3.5811331654754204,0.6233015691515627
420.0,420.0,train,8.69765194200942E-4,16.071639591620325,0.6319602181686277
421.0,421.0,train,8.495309319358881E-4,3.5811331654754204,0.6233015691515627
422.0,422.0,train,8.69765194200942E-4,16.071639591620325,0.6319602181686277
423.0,423.0,train,8.69765194200942E-4,16.071639591620325,0.6319602181686277
424.0,424.0,train,8.69765194200942E-4,16.071639591620325,0.6319602181686277
425.0,425.0,train,8.69765194200942E-4,16.071639591620325,0.6319602181686277
426.0,426.0,train,8.69765194200942E-4,16.071639591620325,0.6319602181686277
427.0,427.0,train,8.69765194200942E-4,16.071639591620325,0.6319602181686277
428.0,428.0,train,9.275157233045946E-4,89.61178321227806,0.6555936777551394
429.0,429.0,train,9.059379497567023E-4,86.43878555831772,0.6469463411931813
430.0,430.0,train,8.69765194200942E-4,16.071639591620325,0.6319602181686277
431.0,431.0,train,8.69765194200942E-4,16.071639591620325,0.6319602181686277
432.0,432.0,train,8.69765194200942E-4,16.071639591620325,0.6319602181686277
433.0,433.0,train,8.495309319358881E-4,3.5811331654754204,0.6233015691515627
434.0,434.0,train,8.69765194200942E-4,16.071639591620325,0.6319602181686277
435.0,435.0,train,8.69765194200942E-4,16.071639591620325,0.6319602181686277
436.0,436.0,train,8.69765194200942E-4,16.071639591620325,0.6319602181686277
437.0,437.0,train,8.69765194200942E-4,16.071639591620325,0.6319602181686277
438.0,438.0,train,8.69765194200942E-4,16.071639591620325,0.6319602181686277
439.0,439.0,train,8.69765194200942E-4,16.071639591620325,0.6319602181686277
440.0,440.0,train,8.495309319358881E-4,3.5811331654754204,0.6233015691515627
441.0,441.0,train,8.69765194200942E-4,16.071639591620325,0.6319602181686277
442.0,442.0,train,8.69765194200942E-4,16.071639591620325,0.6319602181686277
443.0,443.0,train,8.69765194200942E-4,16.071639591620325,0.6319602181686277
444.0,444.0,train,9.275157233045946E-4,89.61178321227806,0.6555936777551394
445.0,445.0,train,9.275157233045946E-4,89.61178321227806,0.6555936777551394
446.0,446.0,train,8.69765194200942E-4,16.071639591620325,0.6319602181686277
447.0,447.0,train,9.275157233045946E-4,89.61178321227806,0.6555936777551394
448.0,448.0,train,8.69765194200942E-4,16.071639591620325,0.6319602181686277
449.0,449.0,train,8.69765194200942E-4,16.071639591620325,0.6319602181686277
450.0,450.0,train,8.69765194200942E-4,16.071639591620325,0.6319602181686277
451.0,451.0,train,8.69765194200942E-4,16.071639591620325,0.6319602181686277
452.0,452.0,train,8.495309319358881E-4,3.5811331654754204,0.6233015691515627
453.0,453.0,train,8.69765194200942E-4,16.071639591620325,0.6319602181686277
454.0,454.0,train,8.69765194200942E-4,16.071639591620325,0.6319602181686277
455.0,455.0,train,9.275157233045946E-4,89.61178321227806,0.6555936777551394
456.0,456.0,train,8.495309319358881E-4,3.5811331654754204,0.6233015691515627
457.0,457.0,train,9.275157233045946E-4,89.61178321227806,0.6555936777551394
458.0,458.0,train,8.69765194200942E-4,16.071639591620325,0.6319602181686277
459.0,459.0,train,8.495309319358881E-4,3.5811331654754204,0.6233015691515627
460.0,460.0,train,8.69765194200942E-4,16.071639591620325,0.6319602181686277
461.0,461.0,train,8.69765194200942E-4,16.071639591620325,0.6319602181686277
462.0,462.0,train,8.69765194200942E-4,16.071639591620325,0.6319602181686277
463.0,463.0,train,9.275157233045946E-4,89.61178321227806,0.6555936777551394
464.0,464.0,train,9.059379497567023E-4,86.43878555831772,0.6469463411931813
465.0,465.0,train,8.69765194200942E-4,16.071639591620325,0.6319602181686277
466.0,466.0,train,8.69765194200942E-4,16.071639591620325,0.6319602181686277
467.0,467.0,train,9.275157233045946E-4,89.61178321227806,0.6555936777551394
468.0,468.0,train,8.69765194200942E-4,16.071639591620325,0.6319602181686277
469.0,469.0,train,9.275157233045946E-4,89.61178321227806,0.6555936777551394
470.0,470.0,train,8.69765194200942E-4,16.071639591620325,0.6319602181686277
471.0,471.0,train,8.69765194200942E-4,16.071639591620325,0.6319602181686277
472.0,472.0,train,8.69765194200942E-4,16.071639591620325,0.6319602181686277
473.0,473.0,train,8.69765194200942E-4,16.071639591620325,0.6319602181686277
474.0,474.0,train,8.69765194200942E-4,16.071639591620325,0.6319602181686277
475.0,475.0,train,9.275157233045946E-4,89.61178321227806,0.6555936777551394
476.0,476.0,train,8.69765194200942E-4,16.071639591620325,0.6319602181686277
477.0,477.0,train,8.69765194200942E-4,16.071639591620325,0.6319602181686277
478.0,478.0,train,8.69765194200942E-4,16.071639591620325,0.6319602181686277
479.0,479.0,train,9.275157233045946E-4,89.61178321227806,0.6555936777551394
480.0,480.0,train,8.69765194200942E-4,16.071639591620325,0.6319602181686277
481.0,481.0,train,8.69765194200942E-4,16.071639591620325,0.6319602181686277
482.0,482.0,train,8.69765194200942E-4,16.071639591620325,0.6319602181686277
483.0,483.0,train,8.69765194200942E-4,16.071639591620325,0.6319602181686277
484.0,484.0,train,8.69765194200942E-4,16.071639591620325,0.6319602181686277
485.0,485.0,train,8.495309319358881E-4,3.5811331654754204,0.6233015691515627
486.0,486.0,train,9.059379497567023E-4,86.43878555831772,0.6469463411931813
487.0,487.0,train,8.69765194200942E-4,16.071639591620325,0.6319602181686277
488.0,488.0,train,8.69765194200942E-4,16.071639591620325,0.6319602181686277
489.0,489.0,train,8.69765194200942E-4,16.071639591620325,0.6319602181686277
490.0,490.0,train,8.69765194200942E-4,16.071639591620325,0.6319602181686277
491.0,491.0,train,8.69765194200942E-4,16.071639591620325,0.6319602181686277
492.0,492.0,train,8.69765194200942E-4,16.071639591620325,0.6319602181686277
493.0,493.0,train,8.69765194200942E-4,16.071639591620325,0.6319602181686277
494.0,494.0,train,9.275157233045946E-4,89.61178321227806,0.6555936777551394
495.0,495.0,train,8.69765194200942E-4,16.071639591620325,0.6319602181686277
496.0,496.0,train,9.059379497567023E-4,86.43878555831772,0.6469463411931813
497.0,497.0,train,8.69765194200942E-4,16.071639591620325,0.6319602181686277
498.0,498.0,train,9.275157233045946E-4,89.61178321227806,0.6555936777551394
499.0,499.0,train,8.69765194200942E-4,16.071639591620325,0.6319602181686277
500.0,500.0,train,8.495309319358881E-4,3.5811331654754204,0.6233015691515627
501.0,501.0,train,8.69765194200942E-4,16.071639591620325,0.6319602181686277
502.0,502.0,train,8.69765194200942E-4,16.071639591620325,0.6319602181686277
503.0,503.0,train,8.69765194200942E-4,16.071639591620325,0.6319602181686277
504.0,504.0,train,8.69765194200942E-4,16.071639591620325,0.6319602181686277
505.0,505.0,train,8.69765194200942E-4,16.071639591620325,0.6319602181686277
506.0,506.0,train,8.69765194200942E-4,16.071639591620325,0.6319602181686277
507.0,507.0,train,8.69765194200942E-4,16.071639591620325,0.6319602181686277
508.0,508.0,train,8.69765194200942E-4,16.071639591620325,0.6319602181686277
509.0,509.0,train,8.69765194200942E-4,16.071639591620325,0.6319602181686277
510.0,510.0,train,8.69765194200942E-4,16.071639591620325,0.6319602181686277
511.0,511.0,train,8.69765194200942E-4,16.071639591620325,0.6319602181686277
512.0,512.0,train,8.69765194200942E-4,16.071639591620325,0.6319602181686277
513.0,513.0,train,9.275157233045946E-4,89.61178321227806,0.6555936777551394
514.0,514.0,train,9.275157233045946E-4,89.61178321227806,0.6555936777551394
515.0,515.0,train,8.69765194200942E-4,16.071639591620325,0.6319602181686277
516.0,516.0,train,8.69765194200942E-4,16.071639591620325,0.6319602181686277
517.0,517.0,train,8.69765194200942E-4,16.071639591620325,0.6319602181686277
518.0,518.0,train,8.69765194200942E-4,16.071639591620325,0.6319602181686277
519.0,519.0,train,8.69765194200942E-4,16.071639591620325,0.6319602181686277
520.0,520.0,train,8.69765194200942E-4,16.071639591620325,0.6319602181686277
521.0,521.0,train,8.69765194200942E-4,16.071639591620325,0.6319602181686277
522.0,522.0,train,8.69765194200942E-4,16.071639591620325,0.6319602181686277
523.0,523.0,train,8.69765194200942E-4,16.071639591620325,0.6319602181686277
524.0,524.0,train,8.69765194200942E-4,16.071639591620325,0.6319602181686277
525.0,525.0,train,8.69765194200942E-4,16.071639591620325,0.6319602181686277
526.0,526.0,train,8.69765194200942E-4,16.071639591620325,0.6319602181686277
527.0,527.0,train,8.69765194200942E-4,16.071639591620325,0.6319602181686277
528.0,528.0,train,8.69765194200942E-4,16.071639591620325,0.6319602181686277
529.0,529.0,train,9.275157233045946E-4,89.61178321227806,0.6555936777551394
530.0,530.0,train,8.69765194200942E-4,16.071639591620325,0.6319602181686277
531.0,531.0,train,8.69765194200942E-4,16.071639591620325,0.6319602181686277
532.0,532.0,train,8.69765194200942E-4,16.071639591620325,0.6319602181686277
533.0,533.0,train,9.275157233045946E-4,89.61178321227806,0.6555936777551394
534.0,534.0,train,8.69765194200942E-4,16.071639591620325,0.6319602181686277
535.0,535.0,train,8.69765194200942E-4,16.071639591620325,0.6319602181686277
536.0,536.0,train,8.69765194200942E-4,16.071639591620325,0.6319602181686277
537.0,537.0,train,8.69765194200942E-4,16.071639591620325,0.6319602181686277
538.0,538.0,train,8.495309319358881E-4,3.5811331654754204,0.6233015691515627
539.0,539.0,train,9.275157233045946E-4,89.61178321227806,0.6555936777551394
540.0,540.0,train,8.69765194200942E-4,16.071639591620325,0.6319602181686277
541.0,541.0,train,8.69765194200942E-4,16.071639591620325,0.6319602181686277
542.0,542.0,train,8.69765194200942E-4,16.071639591620325,0.6319602181686277
543.0,543.0,train,8.69765194200942E-4,16.071639591620325,0.6319602181686277
544.0,544.0,train,8.69765194200942E-4,16.071639591620325,0.6319602181686277
545.0,545.0,train,8.495309319358881E-4,3.5811331654754204,0.6233015691515627
546.0,546.0,train,8.69765194200942E-4,16.071639591620325,0.6319602181686277
547.0,547.0,train,8.69765194200942E-4,16.071639591620325,0.6319602181686277
548.0,548.0,train,8.69765194200942E-4,16.071639591620325,0.6319602181686277
549.0,549.0,train,8.495309319358881E-4,3.5811331654754204,0.6233015691515627
550.0,550.0,train,8.495309319358881E-4,3.5811331654754204,0.6233015691515627
551.0,551.0,train,9.275157233045946E-4,89.61178321227806,0.6555936777551394
552.0,552.0,train,8.69765194200942E-4,16.071639591620325,0.6319602181686277
553.0,553.0,train,9.275157233045946E-4,89.61178321227806,0.6555936777551394
554.0,554.0,train,8.69765194200942E-4,16.071639591620325,0.6319602181686277
555.0,555.0,train,8.69765194200942E-4,16.071639591620325,0.6319602181686277
556.0,556.0,train,8.495309319358881E-4,3.5811331654754204,0.6233015691515627
557.0,557.0,train,8.69765194200942E-4,16.071639591620325,0.6319602181686277
558.0,558.0,train,8.69765194200942E-4,16.071639591620325,0.6319602181686277
559.0,559.0,train,8.495309319358881E-4,3.5811331654754204,0.6233015691515627
560.0,560.0,train,9.275157233045946E-4,89.61178321227806,0.6555936777551394
561.0,561.0,train,8.69765194200942E-4,16.071639591620325,0.6319602181686277
562.0,562.0,train,8.69765194200942E-4,16.071639591620325,0.6319602181686277
563.0,563.0,train,8.69765194200942E-4,16.071639591620325,0.6319602181686277
564.0,564.0,train,8.69765194200942E-4,16.071639591620325,0.6319602181686277
565.0,565.0,train,8.69765194200942E-4,16.071639591620325,0.6319602181686277
566.0,566.0,train,8.69765194200942E-4,16.071639591620325,0.6319602181686277
567.0,567.0,train,8.69765194200942E-4,16.071639591620325,0.6319602181686277
568.0,568.0,train,8.69765194200942E-4,16.071639591620325,0.6319602181686277
569.0,569.0,train,8.495309319358881E-4,3.5811331654754204,0.6233015691515627
570.0,570.0,train,8.69765194200942E-4,16.071639591620325,0.6319602181686277
571.0,571.0,train,8.69765194200942E-4,16.071639591620325,0.6319602181686277
572.0,572.0,train,8.69765194200942E-4,16.071639591620325,0.6319602181686277
573.0,573.0,train,8.69765194200942E-4,16.071639591620325,0.6319602181686277
574.0,574.0,train,8.69765194200942E-4,16.071639591620325,0.6319602181686277
575.0,575.0,train,8.69765194200942E-4,16.071639591620325,0.6319602181686277
576.0,576.0,train,8.69765194200942E-4,16.071639591620325,0.6319602181686277
577.0,577.0,train,8.69765194200942E-4,16.071639591620325,0.6319602181686277
578.0,578.0,train,8.69765194200942E-4,16.071639591620325,0.6319602181686277
579.0,579.0,train,8.69765194200942E-4,16.071639591620325,0.6319602181686277
580.0,580.0,train,8.69765194200942E-4,16.071639591620325,0.6319602181686277
581.0,581.0,train,9.059379497567023E-4,86.43878555831772,0.6469463411931813
582.0,582.0,train,8.69765194200942E-4,16.071639591620325,0.6319602181686277
583.0,583.0,train,8.69765194200942E-4,16.071639591620325,0.6319602181686277
584.0,584.0,train,8.69765194200942E-4,16.071639591620325,0.6319602181686277
585.0,585.0,train,8.69765194200942E-4,16.071639591620325,0.6319602181686277
586.0,586.0,train,8.69765194200942E-4,16.071639591620325,0.6319602181686277
587.0,587.0,train,8.495309319358881E-4,3.5811331654754204,0.6233015691515627
588.0,588.0,train,8.69765194200942E-4,16.071639591620325,0.6319602181686277
589.0,589.0,train,7.839241102224114E-4,1.5272702330620223,0.5938012475654108
590.0,590.0,train,8.69765194200942E-4,16.071639591620325,0.6319602181686277
